Scenario ID,Scenario Topic,Test Case ID,Test Case Description,Test Type,Test Level,Precondition,Test Step,Test Data,Expected Result,UI,Status,Execute Version
QS101-SC01,ตรวจสอบการค้นหางาน,QS101-SC01-TC001,ตรวจสอบการแสดงผลหน้ารายการงาน,POSITIVE,Automate,,1. เปิดแอป QuickShift,,"1. ระบบแสดงผลหน้ารายการงาน โดยแสดงรายละเอียดดังนี้
   - หัวข้อ ""QuickShift""
   - ข้อความ ""หางานพาร์ทไทม์""
   - ช่องค้นหา ""ค้นหางาน หรือสถานที่""
   - ตัวเลือกเรียงลำดับ (ค่าเริ่มต้น ""ล่าสุด"")
   - ข้อความ ""พบ 6 งาน""
   - การ์ดงาน แสดงชื่องาน, สถานที่, วันเริ่มงาน และค่าจ้าง
   - ป้าย ""ด่วน"" บนงานที่ใกล้วันเริ่มงาน
   - ป้าย ""ปิดรับแล้ว"" บนงานที่ปิดรับสมัคร
   - แท็บ ""หางาน""
   - แท็บ ""งานที่สมัคร""
2. ระบบแสดงค่าจ้างของทุกงานเป็นบาทต่อวัน
3. ระบบเรียงงานจากวันที่โพสต์ล่าสุดก่อน",,,
,,QS101-SC01-TC002,ตรวจสอบการค้นหางานสำเร็จ กรณีค้นหาด้วยชื่องาน และเรียงตามล่าสุด,POSITIVE,Automate,,"1. เปิดแอป QuickShift
2. กรอกคำค้น ""พนักงาน"" ในช่องค้นหา
3. เลือกเรียงลำดับ ""ล่าสุด""","คำค้น: พนักงาน
เรียงลำดับ: ล่าสุด","1. ระบบแสดงเฉพาะงานที่ชื่องานมีคำว่า ""พนักงาน"" (2 งาน)
2. ระบบแสดงข้อความ ""พบ 2 งาน""
3. ระบบเรียงงานตามวันที่โพสต์ล่าสุดก่อน โดย ""พนักงานเสิร์ฟ ร้านอาหารญี่ปุ่น"" อยู่ก่อน ""พนักงานนับสต็อก ห้างสรรพสินค้า""",,,
,,QS101-SC01-TC003,ตรวจสอบการค้นหางานสำเร็จ กรณีค้นหาด้วยชื่องาน และเรียงตามค่าจ้างสูงสุด,POSITIVE,Automate,,"1. เปิดแอป QuickShift
2. กรอกคำค้น ""พนักงาน"" ในช่องค้นหา
3. เลือกเรียงลำดับ ""ค่าจ้างสูงสุด""","คำค้น: พนักงาน
เรียงลำดับ: ค่าจ้างสูงสุด","1. ระบบแสดงเฉพาะงานที่ชื่องานมีคำว่า ""พนักงาน"" (2 งาน)
2. ระบบแสดงข้อความ ""พบ 2 งาน""
3. ระบบเรียงงานตามค่าจ้างต่อวันจากมากไปน้อย (เรียงแบบตัวเลข) โดย ฿900 / วัน อยู่ก่อน ฿800 / วัน",,,
,,QS101-SC01-TC004,ตรวจสอบการค้นหางานสำเร็จ กรณีค้นหาด้วยสถานที่ และเรียงตามล่าสุด,POSITIVE,Automate,,"1. เปิดแอป QuickShift
2. กรอกคำค้น ""สยาม"" ในช่องค้นหา
3. เลือกเรียงลำดับ ""ล่าสุด""","คำค้น: สยาม
เรียงลำดับ: ล่าสุด","1. ระบบแสดงเฉพาะงานที่สถานที่เป็น ""สยาม"" (2 งาน)
2. ระบบแสดงข้อความ ""พบ 2 งาน""
3. ระบบเรียงงานตามวันที่โพสต์ล่าสุดก่อน",,,
,,QS101-SC01-TC005,ตรวจสอบการค้นหางานสำเร็จ กรณีค้นหาด้วยสถานที่ และเรียงตามค่าจ้างสูงสุด,POSITIVE,Automate,,"1. เปิดแอป QuickShift
2. กรอกคำค้น ""สยาม"" ในช่องค้นหา
3. เลือกเรียงลำดับ ""ค่าจ้างสูงสุด""","คำค้น: สยาม
เรียงลำดับ: ค่าจ้างสูงสุด","1. ระบบแสดงเฉพาะงานที่สถานที่เป็น ""สยาม"" (2 งาน)
2. ระบบแสดงข้อความ ""พบ 2 งาน""
3. ระบบเรียงงานตามค่าจ้างต่อวันจากมากไปน้อย (เรียงแบบตัวเลข) โดย ฿900 / วัน อยู่ก่อน ฿800 / วัน",,,
,,QS101-SC01-TC006,ตรวจสอบการค้นหางานไม่สำเร็จ กรณีค้นหาด้วยคำที่ไม่ตรงกับงานใด และเรียงตามล่าสุด,NEGATIVE,Automate,,"1. เปิดแอป QuickShift
2. กรอกคำค้น ""นักบิน"" ในช่องค้นหา
3. เลือกเรียงลำดับ ""ล่าสุด""","คำค้น: นักบิน
เรียงลำดับ: ล่าสุด","1. ระบบไม่แสดงการ์ดงาน
2. ระบบแสดงข้อความ ""ไม่พบงานที่ค้นหา""
3. ระบบแสดงข้อความ ""พบ 0 งาน""",,,
,,QS101-SC01-TC007,ตรวจสอบการค้นหางานไม่สำเร็จ กรณีค้นหาด้วยคำที่ไม่ตรงกับงานใด และเรียงตามค่าจ้างสูงสุด,NEGATIVE,Automate,,"1. เปิดแอป QuickShift
2. กรอกคำค้น ""นักบิน"" ในช่องค้นหา
3. เลือกเรียงลำดับ ""ค่าจ้างสูงสุด""","คำค้น: นักบิน
เรียงลำดับ: ค่าจ้างสูงสุด","1. ระบบไม่แสดงการ์ดงาน
2. ระบบแสดงข้อความ ""ไม่พบงานที่ค้นหา""
3. ระบบแสดงข้อความ ""พบ 0 งาน""",,,
,,QS101-SC01-TC008,ตรวจสอบการค้นหางานสำเร็จ กรณีไม่กรอกคำค้น และเรียงตามล่าสุด,POSITIVE,Automate,,"1. เปิดแอป QuickShift
2. ไม่กรอกคำค้นในช่องค้นหา
3. เลือกเรียงลำดับ ""ล่าสุด""","คำค้น: (เว้นว่าง)
เรียงลำดับ: ล่าสุด","1. ระบบแสดงงานทั้งหมด (6 งาน)
2. ระบบแสดงข้อความ ""พบ 6 งาน""
3. ระบบเรียงงานตามวันที่โพสต์ล่าสุดก่อน",,,
,,QS101-SC01-TC009,ตรวจสอบการค้นหางานสำเร็จ กรณีไม่กรอกคำค้น และเรียงตามค่าจ้างสูงสุด,POSITIVE,Automate,,"1. เปิดแอป QuickShift
2. ไม่กรอกคำค้นในช่องค้นหา
3. เลือกเรียงลำดับ ""ค่าจ้างสูงสุด""","คำค้น: (เว้นว่าง)
เรียงลำดับ: ค่าจ้างสูงสุด","1. ระบบแสดงงานทั้งหมด (6 งาน)
2. ระบบแสดงข้อความ ""พบ 6 งาน""
3. ระบบเรียงงานตามค่าจ้างต่อวันจากมากไปน้อย (เรียงแบบตัวเลข) โดย ฿1,200 / วัน อยู่บนสุด",,,
,,QS101-SC01-TC010,ตรวจสอบการแสดงผลหน้ารายละเอียดงาน,POSITIVE,Automate,,"1. เปิดแอป QuickShift
2. กดการ์ดงาน ""พนักงานเสิร์ฟ ร้านอาหารญี่ปุ่น""",งาน: พนักงานเสิร์ฟ ร้านอาหารญี่ปุ่น,"1. ระบบแสดงผลหน้ารายละเอียดงาน โดยแสดงรายละเอียดดังนี้
   - ปุ่ม ""‹ กลับ""
   - ชื่องาน ""พนักงานเสิร์ฟ ร้านอาหารญี่ปุ่น""
   - ค่าจ้าง ""฿900 / วัน""
   - สถานที่
   - เริ่มงาน
   - รับสมัครถึง
   - โพสต์เมื่อ
   - รายละเอียดงาน
   - ปุ่ม ""สมัครงานนี้""",,,
