Story ID,Feature,Group,Scenario ID,Scenario Topic,Test Case ID,Test Case Name,Status,Execute Sprint,Remark,Defect ID
QS-101,Job Search & Apply,ค้นหางาน,QS101-SC01,ตรวจสอบการค้นหางาน,QS101-SC01-TC001,ตรวจสอบการแสดงผลหน้ารายการงาน,,,,
,,,,,QS101-SC01-TC002,ตรวจสอบการค้นหางานสำเร็จ กรณีค้นหาด้วยชื่องาน และเรียงตามล่าสุด,,,,
,,,,,QS101-SC01-TC003,ตรวจสอบการค้นหางานสำเร็จ กรณีค้นหาด้วยชื่องาน และเรียงตามค่าจ้างสูงสุด,,,,
,,,,,QS101-SC01-TC004,ตรวจสอบการค้นหางานสำเร็จ กรณีค้นหาด้วยสถานที่ และเรียงตามล่าสุด,,,,
,,,,,QS101-SC01-TC005,ตรวจสอบการค้นหางานสำเร็จ กรณีค้นหาด้วยสถานที่ และเรียงตามค่าจ้างสูงสุด,,,,
,,,,,QS101-SC01-TC006,ตรวจสอบการค้นหางานไม่สำเร็จ กรณีค้นหาด้วยคำที่ไม่ตรงกับงานใด และเรียงตามล่าสุด,,,,
,,,,,QS101-SC01-TC007,ตรวจสอบการค้นหางานไม่สำเร็จ กรณีค้นหาด้วยคำที่ไม่ตรงกับงานใด และเรียงตามค่าจ้างสูงสุด,,,,
,,,,,QS101-SC01-TC008,ตรวจสอบการค้นหางานสำเร็จ กรณีไม่กรอกคำค้น และเรียงตามล่าสุด,,,,
,,,,,QS101-SC01-TC009,ตรวจสอบการค้นหางานสำเร็จ กรณีไม่กรอกคำค้น และเรียงตามค่าจ้างสูงสุด,,,,
,,,,,QS101-SC01-TC010,ตรวจสอบการแสดงผลหน้ารายละเอียดงาน,,,,
,,สมัครงาน,QS101-SC02,ตรวจสอบการสมัครงาน,QS101-SC02-TC001,ตรวจสอบการแสดงผลหน้าใบสมัคร,,,,
,,,,,QS101-SC02-TC002,ตรวจสอบการสมัครงานสำเร็จ กรณีกรอกข้อมูลครบถ้วนทั้งหมด,,,,
,,,,,QS101-SC02-TC003,ตรวจสอบการสมัครงานสำเร็จ กรณีกรอกชื่อ-นามสกุลถูกต้อง,,,,
,,,,,QS101-SC02-TC004,ตรวจสอบการสมัครงานไม่สำเร็จ กรณีไม่กรอกชื่อ-นามสกุล,,,,
,,,,,QS101-SC02-TC005,ตรวจสอบการสมัครงานไม่สำเร็จ กรณีกรอกชื่อ-นามสกุลเป็นช่องว่าง,,,,
,,,,,QS101-SC02-TC006,ตรวจสอบการสมัครงานสำเร็จ กรณีกรอกอายุ 18 ปี,,,,
,,,,,QS101-SC02-TC007,ตรวจสอบการสมัครงานไม่สำเร็จ กรณีกรอกอายุ 17 ปี,,,,
,,,,,QS101-SC02-TC008,ตรวจสอบการสมัครงานไม่สำเร็จ กรณีไม่กรอกอายุ,,,,
,,,,,QS101-SC02-TC009,ตรวจสอบการสมัครงานสำเร็จ กรณีกรอกเบอร์โทรศัพท์ถูกต้อง,,,,
,,,,,QS101-SC02-TC010,ตรวจสอบการสมัครงานไม่สำเร็จ กรณีไม่กรอกเบอร์โทรศัพท์,,,,
,,,,,QS101-SC02-TC011,ตรวจสอบการสมัครงานสำเร็จ กรณีเลือกวันที่เริ่มงานได้เป็นวันในอนาคต,,,,
,,,,,QS101-SC02-TC012,ตรวจสอบการสมัครงานไม่สำเร็จ กรณีเลือกวันที่เริ่มงานได้เป็นวันในอดีต,,,,
,,,,,QS101-SC02-TC013,ตรวจสอบการสมัครงานสำเร็จ กรณีไม่แนบ resume,,,,
,,,,,QS101-SC02-TC014,ตรวจสอบการสมัครงานไม่สำเร็จ กรณีไม่ยอมรับเงื่อนไขการใช้งาน,,,,
,,,,,QS101-SC02-TC015,ตรวจสอบการสมัครงานไม่สำเร็จ กรณีสมัครงานเดิมซ้ำ,,,,
,,,,,QS101-SC02-TC016,ตรวจสอบการแสดงผลหน้ารายละเอียดงาน กรณีงานปิดรับแล้ว,,,,
,,,,,QS101-SC02-TC017,ตรวจสอบการแสดงผลหน้าสมัครสำเร็จ,,,,
